id|livello|tipo|citazione|identificatore|data_documento|data_consultazione|temi|usata_in|esito_sintetico|stato|conflitto_dichiarato
F001|2|linea_guida|Manuale operativo per l'erogazione dei servizi sanitari in farmacia. Federazione degli Ordini dei Farmacisti Italiani (FOFI). Presentato a Roma il 3 giugno 2026.|fofi.it|2026-06-03|2026-08-13|T1,T3|-|Copre requisiti strutturali, organizzativi e tecnologici, formazione, privacy, consenso informato, telemedicina. Realizzato con contributo di PwC Italia.|da_reperire|no
F002|1|normativa|Legge 2 dicembre 2025, n. 182. Modifiche al D.lgs. 3 ottobre 2009, n. 153 in materia di farmacia dei servizi.|normattiva.it|2025-12-02|2026-08-13|T1,T3|-|Amplia i servizi erogabili, rafforza la telemedicina, introduce nuove funzioni vaccinali e di screening. Testo consolidato da aprire. ATTENZIONE: normattiva.it non e' raggiungibile via web_fetch (richiede sessione); usare gazzettaufficiale.it.|da_verificare|na
F003|1|normativa|Decreto legislativo 24 aprile 2006, n. 219. Attuazione della direttiva 2001/83/CE relativa a un codice comunitario concernente i medicinali per uso umano. Titolo VIII - Pubblicita.|normattiva.it|2006-04-24|2026-08-13|T0|-|Disciplina la pubblicita dei medicinali. Vieta la pubblicita al pubblico dei medicinali soggetti a prescrizione. Base del principio 6 di MA.|da_verificare|na
F004|1|normativa|Decreto legislativo 21 maggio 2004, n. 169. Attuazione della direttiva 2002/46/CE relativa agli integratori alimentari. GU Serie Generale n. 164 del 15-07-2004.|gazzettaufficiale.it/eli/id/2004/07/15/004G0201/sg|2004-05-21|2026-08-13|T2,T0|T2-art1,T2-art2|Art. 2: l'integratore e' prodotto alimentare (fonte concentrata di nutrienti in forma predosata). Art. 6 c.4: elenco tassativo degli elementi obbligatori di etichetta, che NON comprende le interazioni - l'assenza di sezione interazioni e' inferenza dall'elenco, non divieto esplicito. Art. 6 c.2: vietato attribuire proprieta' terapeutiche. Art. 7 c.4: la pubblicita' non deve indurre a credere che la sola origine naturale escluda effetti collaterali. Art. 10: notifica dell'etichetta al Ministero, non autorizzazione. Art. 13 c.2: piano di vigilanza coordinato dall'ISS. LETTO NEL TESTO ORIGINARIO (leg14.camera.it), non nel consolidato: nulla si puo' affermare sullo stato vigente di artt. 3 e 5.|verificata|na
F005|2|dato_istituzionale|Fitosorveglianza. Sistema italiano di fitovigilanza e piattaforma VigiErbe. Istituto Superiore di Sanita, EpiCentro.|epicentro.iss.it/fitosorveglianza/strumenti-italia|2026|2026-08-13|T2|T2-art2|VigiErbe (www.vigierbe.it): segnalazione online di sospette reazioni avverse a integratori alimentari, prodotti erboristici, preparazioni magistrali e medicinali omeopatici. Le segnalazioni possono essere inviate da medici, altri professionisti sanitari (farmacisti espressamente citati) e cittadini. Gancio istituzionale disponibile in assenza di linea guida italiana sul tema. Testo integrale letto. NOTA: spostata all'articolo 2 nella scissione del 13/08/2026 (copre OF3-OF4).|verificata|no
F006|3|review|Nicolussi S, Drewe J, Butterweck V, Meyer zu Schwabedissen HE. Clinical relevance of St. John's wort drug interactions revisited. Br J Pharmacol. 2020;177(6):1212-1226.|doi 10.1111/bph.14936|2020-03|2026-08-13|T2|T2-art1,T2-art2|Iperico: attivazione PXR con induzione di CYP3A4, CYP2C9, CYP2C19 e P-glicoproteina. Il determinante NON e' l'iperico in se' ma la DOSE GIORNALIERA DI IPERFORINA: nessuna interazione clinicamente rilevante attesa fino a 1 mg/die; sopra non e' esclusa. Il contenuto di iperforina degli estratti commerciali varia da 0,2% a 6% (900 mg di estratto al 4-5% = circa 40 mg/die). Swissmedic ha rimosso controindicazioni e avvertenze per un prodotto a basso contenuto. La raccomandazione EMA 2009 di dichiarare l'iperforina e' raramente seguita e ignorata negli integratori: il farmacista non puo' stimare il rischio dal prodotto in mano. CONFLITTO DI INTERESSI: tre autori su quattro sono dipendenti di un produttore di medicinale a base di iperico, e la conclusione raccomanda i prodotti a basso contenuto - dichiarato in nota nel testo. Tesi indipendentemente sostenuta da EMA/HMPC 2018 ed ESCOP 2018 e, dal 13/08/2026, dall'RCP F010 che elenca l'iperico fra gli induttori enzimatici. Testo integrale letto.|verificata|si_concorde
F007|3|review|Bailey DG, Dresser G, Arnold JMO. Grapefruit-medication interactions: forbidden fruit or avoidable consequences? CMAJ. 2013;185(4):309-316.|doi 10.1503/cmaj.120951|2013-03-05|2026-08-13|T2|T2-art1,T2-art2|Le furanocumarine inattivano irreversibilmente il CYP3A4 intestinale (inibizione meccanismo-dipendente): serve risintesi enzimatica. Sede intestinale, non epatica. Un pompelmo intero o 200 mL di succo bastano. Distanziare attenua ma non annulla: effetto massimo entro 4 ore, 50% a 10 ore, 25% a 24 ore; gli autori raccomandano di evitare il frutto per tutta la durata del trattamento. Tra 2008 e 2012 i farmaci con interazione a esito grave sono passati da 17 a 43. Testo integrale letto.|verificata|no
F008|3|review|Violi F, Lip GYH, Pignatelli P, Pastori D. Interaction between dietary vitamin K intake and anticoagulation by vitamin K antagonists: is it really true? A systematic review. Medicine (Baltimore). 2016;95(10):e2895.|doi 10.1097/MD.0000000000002895|2016-03|2026-08-13|T2|T2-art1|CITAZIONE CORRETTA IL 13/08/2026: gli autori sono Violi, Lip, Pignatelli, Pastori - la precedente attribuzione a Di Minno et al. era errata, presa da riferimento indiretto. 11 studi (2 interventional, 9 osservazionali). Le evidenze non sostengono la restrizione dietetica di vitamina K all'avvio degli AVK; conta la costanza dell'apporto. La discordanza e' quasi tutta nella stessa direzione: Franco 2004 (INR aumenta nella dieta DEPLETA), Rombouts 2010 su 1157 pazienti (apporto >300 mcg/die: -20% rischio di INR subterapeutico; <100 mcg/die: +33%), Kim 2010 (apporto alto = minore CV dell'INR). Effetto sulla coagulazione rilevabile solo sopra ~150 mcg/die, pari a circa 118 g di lattuga cruda, 106 g di broccoli cotti o 30 g di spinaci cotti al giorno. Qualita' valutata col manuale AAN 2011 (NON GRADE): nessuno studio in classe I. Risultati quasi solo su warfarin, non estendibili agli altri AVK. Refuso interno della fonte: il testo dice 3 trial interventional dove PRISMA e Tabella 1 ne riportano 2. GAP NOTO: il meccanismo molecolare degli AVK (VKORC1, gamma-carbossilazione) NON e' coperto da questa fonte ne' da altre a registro - serve fonte nuova se lo si vuole nel testo. Testo integrale letto.|verificata|no
F009|4|studio|Agbabiaka TB, Spencer NH, Khanom S, Goodman C. Prevalence of drug-herb and drug-supplement interactions in older adults: a cross-sectional survey. Br J Gen Pract. 2018;68(675):e711-e717.|doi 10.3399/bjgp18X699101|2018-10|2026-08-13|T2,T4|T2-art1|Campione UK di over 65 in terapia con almeno un farmaco (149 rispondenti su 400 invii, tasso di risposta 38,8%): uso concomitante di prodotti erboristici o integratori nel 33,6%; donne 43,4% vs uomini 22,5% (P=0,009). 16 utilizzatori concomitanti su 50 (32,6%) a rischio di interazione potenziale. Box 1 classifica come significant hazard: carbonato di calcio + levotiroxina, menta piperita + lansoprazolo, iperico + amlodipina. Interazioni valutate con Stockley's Herbal Medicines Interactions. Dato UK, non italiano: dichiarato nel testo. Livello 4: non regge da solo una raccomandazione operativa (MB sez. 5) - gli intervalli orari vengono dagli RCP F010-F012. Testo integrale letto.|verificata|no
F010|1|RCP|Riassunto delle caratteristiche del prodotto. Eutirox (levotiroxina sodica) compresse. AIFA, documento reso disponibile il 03/04/2024.|medicinali.aifa.gov.it|2024-04-03|2026-08-13|T2,T1|T2-art1,T2-art2|4.2: assumere preferibilmente con un sorso d'acqua al mattino, a digiuno - NON contiene la raccomandazione dei 30 minuti prima di colazione per l'adulto (i 30 min sono prescritti per i lattanti). 4.5: alluminio (antiacidi, sucralfato), ferro e sali di calcio riducono l'effetto: levotiroxina almeno 2 ORE PRIMA. Resine a scambio ionico (colestiramina, colestipolo): 4-5 ORE prima. PPI: ridotto assorbimento per aumento pH gastrico, controllo regolare funzione tiroidea anche alla sospensione. Soia: ridotto assorbimento intestinale, aggiustamento all'inizio E alla fine dell'assunzione. Iperico (Hypericum perforatum) fra gli induttori enzimatici: aumenta la clearance epatica, possibile necessita' di aumento della dose - ANCORAGGIO REGOLATORIO INDIPENDENTE per la sezione iperico, rende superflue F014/F015. Biotina: interferenza analitica con immunodosaggi tiroidei biotina/streptavidina, risultati falsamente ridotti O aumentati (entrambe le direzioni). Letto per immagine dello stampato AIFA (API AIFA inaccessibile - vedi R11).|verificata|na
F011|1|RCP|Riassunto delle caratteristiche del prodotto. Ciprofloxacina Alter. AIFA, documento reso disponibile il 08/03/2025.|medicinali.aifa.gov.it|2025-03-08|2026-08-13|T2,T1|T2-art1,T2-art2|4.5 Formazione di complessi chelanti: cationi multivalenti e supplementi minerali (calcio, magnesio, alluminio, ferro), chelanti polimerici del fosfato (sevelamer, lantanio carbonato), sucralfato, antiacidi, formulazioni altamente tamponate. Ciprofloxacina 1-2 ORE PRIMA o ALMENO 4 ORE DOPO. Esclusi gli antiacidi H2-antagonisti. Alimenti e latticini: il calcio assunto CON gli alimenti durante i pasti non influenza in modo significativo l'assorbimento; da evitare la somministrazione A DIGIUNO con latticini o bevande arricchite di sali minerali. Contiene anche AVK (aumento effetto anticoagulante, monitoraggio INR): materiale T1, fuori delimitazione di questo articolo. Fonte piu' recente del pacchetto: determina la data di aggiornamento del contenuto (marzo 2025). Letto per immagine dello stampato AIFA.|verificata|na
F012|1|RCP|Riassunto delle caratteristiche del prodotto. Doxiciclina. AIFA, documento reso disponibile il 18/02/2021.|medicinali.aifa.gov.it|2021-02-18|2026-08-13|T2|T2-art1,T2-art2|4.5: l'assorbimento orale delle tetracicline e' ridotto da preparati antiacido con alluminio, calcio e magnesio; alimenti a base di latte o latticini; sali di ferro; preparati con zinco e bismuto per via orale. Distanziare ALMENO 2 ORE, SE POSSIBILE. Nessuna distinzione fra latticini a digiuno e ai pasti, a differenza di F011. Documento del 2021: il piu' datato dei tre, oltre i 5 anni, segnalato nel testo dell'articolo 2. Letto per immagine dello stampato AIFA.|verificata|na
F013|1|normativa|Nota Informativa Importante concordata con AIFA. EUTIROX (levotiroxina) compresse nuova formulazione: necessita di monitorare i pazienti che passano da una formulazione all'altra. 3 febbraio 2021.|aifa.gov.it/documents/20142/1097058/2021.02.03_NII-EUTIROX_IT.pdf|2021-02-03|2026-08-13|T1|-|Raccomanda monitoraggio clinico e di laboratorio nel passaggio tra formulazioni per il ristretto intervallo terapeutico della levotiroxina. Testo integrale letto. Non serve nessun obiettivo formativo di T2: resta disponibile per T1.|verificata|na
F014|2|linea_guida|Assessment report on Hypericum perforatum L., herba. European Medicines Agency, Committee on Herbal Medicinal Products (HMPC). EMA/HMPC/244315/2016.|EMA/HMPC/244315/2016|2018|2026-08-13|T2|-|Non reperita e NON PIU' NECESSARIA dal 13/08/2026: l'ancoraggio indipendente a F006 e' stato ottenuto da F010 (RCP levotiroxina), che elenca l'iperico fra gli induttori enzimatici. Resta utile se in futuro servisse un secondo riscontro sulla soglia di 1 mg/die di iperforina.|da_reperire|no
F015|2|linea_guida|Hyperici herba - St. John's Wort. European Scientific Cooperative on Phytotherapy (ESCOP) monograph.|ESCOP 2018|2018|2026-08-13|T2|-|Non reperita e NON PIU' NECESSARIA dal 13/08/2026: vedi nota di F014. Seconda fonte indipendente citata da F006 per la separazione tra preparazioni a basso (fino a 1 mg/die) e alto contenuto di iperforina.|da_reperire|no
F016|2|linea_guida|Guarner F, Sanders ME, Szajewska H, Cohen H, Eliakim R, Herrera C, et al. World Gastroenterology Organisation Global Guidelines: Probiotics and prebiotics. World Gastroenterology Organisation; February 2023.|https://www.worldgastroenterology.org/UserFiles/file/guidelines/probiotics-and-prebiotics-english-2023.pdf|2023-02|2026-08-15|T6|-|PORTA GRADING PROPRIO (Oxford 2011 Levels of Evidence, Tabella 7): si riporta citandolo, non si rigradua. Prevenzione diarrea associata ad antibiotico, livello 1 di evidenza: L. rhamnosus GG 10e10 cfu due volte al giorno; S. boulardii CNCM I-745 5x10e9 cfu o 250 mg due volte al giorno. SICUREZZA (sez. 2.3): l'uso in persone con funzione immunitaria compromessa o patologia di base grave va limitato ai ceppi e alle indicazioni con sicurezza ed efficacia dimostrate in quelle popolazioni. Effetto CEPPO-SPECIFICO e DOSE-SPECIFICO: non e' possibile indicare una dose generale valida per i probiotici. I produttori affidabili dichiarano la dose attesa alla data di scadenza, non alla produzione; alcuni prodotti in commercio non rispettano quantita' e tipi di microrganismi vitali dichiarati in etichetta. RISULTATO NEGATIVO IMPORTANTE: il testo integrale NON contiene alcuna raccomandazione di distanziare il probiotico dall'antibiotico - la regola delle 2 ore non ha riscontro in questa linea guida. Testo integrale letto.|verificata|non_dichiarato
F017|1|RCP|Circadin 2 mg prolonged-release tablets. Summary of Product Characteristics. Flynn Pharma Ltd. Data di revisione del testo 01/01/2021.|https://www.medicines.org.uk/emc/product/2809/smpc|2021-01-01|2026-08-15|T6,T2|-|4.5 FARMACOCINETICA: metabolismo della melatonina mediato principalmente da enzimi CYP1A. Fluvoxamina aumenta i livelli di melatonina di 17 volte come AUC e 12 volte come Cmax inibendo CYP1A2 e CYP2C19 - LA COMBINAZIONE VA EVITATA. Chinoloni, in quanto inibitori del CYP1A2, possono aumentare l'esposizione. Carbamazepina e rifampicina, induttori del CYP1A2, possono ridurre le concentrazioni plasmatiche. Estrogeni (contraccettivi e terapia sostitutiva) aumentano i livelli inibendo CYP1A1 e CYP1A2. Cimetidina aumenta i livelli. Il fumo di sigaretta li riduce per induzione del CYP1A2. 4.5 FARMACODINAMICA: puo' potenziare le proprieta' sedative di benzodiazepine e ipnotici non benzodiazepinici (zaleplon, zolpidem, zopiclone); in un trial evidenza chiara di interazione transitoria con zolpidem un'ora dopo la co-somministrazione, con maggiore compromissione di attenzione, memoria e coordinazione rispetto a zolpidem da solo. L'alcol non va assunto perche' riduce l'efficacia sul sonno. ATTENZIONE ALL'USO: e' lo stampato UK di un MEDICINALE 2 mg a rilascio prolungato, non un RCP AIFA e non un integratore - la trasposizione all'integratore va dichiarata nel testo. Documento del 2021: oltre i 5 anni, scatta Q2. Testo integrale letto sul repository emc.|verificata|na
F018|2|linea_guida|Linee guida su probiotici e prebiotici. Indicazioni per alimenti e integratori contenenti microrganismi (batteri e/o lieviti) probiotici o sostanze prebiotiche. Ministero della Salute, Direzione generale per l'igiene e la sicurezza degli alimenti e la nutrizione. Revisione marzo 2018.|https://www.salute.gov.it/imgs/C_17_pubblicazioni_1016_allegato.pdf|2018-03|2026-08-15|T6,T0|-|NON REPERITA il 15/08/2026: salute.gov.it respinge web_fetch con pagina di validazione browser Gcore, sia in HTTPS sia in HTTP, anche sull'URL diretto del PDF. Ostacolo NON presente nella tabella di MB 2.3: da aggiungere. Unico documento italiano che definirebbe i requisiti per vantare la dicitura probiotico in etichetta e la quantita' minima di microrganismi vivi. Serve consegna manuale del PDF. Finche' resta da_reperire NON e' utilizzabile nel deliverable (ME B2).|da_reperire|na
F019|1|linea_guida|European Union herbal monograph on Valeriana officinalis L., radix. EMA/HMPC/150848/2015 Corr.1. Committee on Herbal Medicinal Products (HMPC), European Medicines Agency; 2 febbraio 2016.|https://www.ema.europa.eu/en/documents/herbal-monograph/final-european-union-herbal-monograph-valeriana-officinalis-l-radix_en.pdf|2016-02-02|2026-08-15|T6,T2|-|Testo integrale letto. Sez. 4.5 Interazioni: "None reported" in ENTRAMBE le colonne (uso ben consolidato e uso tradizionale): a livello regolatorio UE non esiste alcuna interazione documentata per la valeriana da sola. Sez. 4.7: puo compromettere la capacita di guidare e usare macchinari; i pazienti interessati non devono guidare ne usare macchinari. E questo, non una interazione dichiarata, il gancio regolatorio per la somma sedativa. Sez. 4.2: estratto secco 400-600 mg fino a 3 volte/die, uso ben consolidato; effetto graduale, NON adatto al trattamento acuto, continuare 2-4 settimane; se i sintomi persistono o peggiorano dopo 2 settimane consultare medico o farmacista; non raccomandata sotto i 12 anni. Sez. 4.9 sovradosaggio ~20 g: affaticamento, crampi addominali, oppressione toracica, stordimento, tremore alle mani, midriasi, risolti entro 24 ore. AVVERTENZA: la monografia della COMBINAZIONE FISSA valeriana+luppolo e documento distinto, NON letto in questa sessione; secondo snippet conterrebbe una raccomandazione sui sedativi di sintesi, ma per MB 6.1 non fa stato e non e utilizzabile finche non se ne legge il testo finale. Q2 scatta: documento del 2016, oltre i 5 anni.|verificata|na
F020|1|linea_guida|Community herbal monograph on Passiflora incarnata L., herba. EMA/HMPC/669740/2013. Committee on Herbal Medicinal Products (HMPC), European Medicines Agency; 25 marzo 2014.|https://www.ema.europa.eu/en/documents/herbal-monograph/final-community-herbal-monograph-passiflora-incarnata-l-herba_en.pdf|2014-03-25|2026-08-15|T6,T2|-|Testo integrale letto. Sez. 4.5 Interazioni: "None reported": nessuna interazione documentata a livello regolatorio UE. Sez. 4.7: puo compromettere la capacita di guidare e usare macchinari; i pazienti interessati non devono guidare ne usare macchinari. Sez. 4.8 effetti indesiderati: nessuno noto. Riconosciuto SOLO l'uso tradizionale: la colonna uso ben consolidato e vuota e le sezioni 5.1-5.3 sono esentate ex art. 16c(1)(a)(iii) della direttiva 2001/83/CE, quindi non esiste valutazione di efficacia clinica in monografia. Sez. 4.2: infuso 1-2 g in 150 ml, 1-4 volte/die; non raccomandata sotto i 12 anni; se i sintomi persistono oltre 2 settimane consultare il medico. Revisione sistematica del 25/03/2014 sulla monografia del 2007. Q2 scatta: documento del 2014, oltre i 5 anni.|verificata|na
F021|2|linea_guida|Raccomandazione per la Riconciliazione della terapia farmacologica. Raccomandazione n. 17. Ministero della Salute, Direzione generale della programmazione sanitaria, Ufficio III. Dicembre 2014.|buonepratiche.agenas.it/documents/recommendations/Racc.17_La _mancata _Riconciliazione.pdf|2014-12|2026-08-16|T1|-|DOCUMENTO CENTRALE DELL'ELABORATO. Testo integrale letto dalla premessa al glossario. Definisce Ricognizione (raccolta dati su paziente e medicinali, elenco a-p dei dati obbligatori, entro 24h dalla presa in carico, tracciabilita' con data/ora/firma) e Riconciliazione (confronto terapia in corso vs disposizioni, prima della prescrizione). Il farmacista supporta il medico in entrambe le fasi e collabora all'individuazione degli indicatori di monitoraggio. Glossario: definisce Transizione di cura, Setting assistenziale, Errore in terapia. Riporta il 67% di pazienti con discrepanze non intenzionali all'ammissione (dato di letteratura riferito, NON originale: per il numero risalire a Kwan 2013 / Mueller 2012 in bibliografia). Sezione 6 prevede revisione periodica su FSE, ricetta elettronica, Dossier farmaceutico, telemedicina: revisione MAI PUBBLICATA, verificato il 16-08-2026 sull'elenco ufficiale Agenas (vedi F031). NON e' linea guida SNLG ex art. 5 L. 24/2017: ricade fra le buone pratiche clinico-assistenziali. Reperita su mirror Agenas: salute.gov.it respinge web_fetch (validazione browser Gcore, stesso ostacolo di F018).|verificata|na
F022|1|normativa|Legge 8 marzo 2017, n. 24. Disposizioni in materia di sicurezza delle cure e della persona assistita, nonche' in materia di responsabilita' professionale degli esercenti le professioni sanitarie.|17G00041 - GU n. 64 del 17-03-2017|2017-03-08|2026-08-16|T1,T0|-|TESTO VIGENTE AL 16-08-2026, letto integralmente (consolidato Normattiva fornito dall'autore). La riconciliazione NON e' mai nominata nella legge: l'aggancio e' l'art. 1 c. 2 (sicurezza delle cure = insieme delle attivita' di prevenzione e gestione del rischio). NON scrivere che la legge impone la riconciliazione. Art. 1 c. 3: concorre alla prevenzione tutto il personale, compresi i liberi professionisti in convenzione con il SSN (ponte verso MMG e farmacie di comunita'). Art. 5: le linee guida pubblicate via SNLG si distinguono dalle buone pratiche clinico-assistenziali; art. 6 (art. 590-sexies c.p.) aggancia a tale distinzione l'esclusione di punibilita' per imperizia. Art. 3: Osservatorio nazionale buone pratiche presso Agenas, si avvale del SIMES. Art. 2 c. 4: Centri regionali per la gestione del rischio. Aggiornamenti recepiti: D.Lgs. 149/2022 su art. 8, sentenza Corte cost. 102/2021 su art. 15 c. 4.|verificata|na
F023|1|normativa|Decreto del Ministro della salute 23 maggio 2022, n. 77. Regolamento recante la definizione di modelli e standard per lo sviluppo dell'assistenza territoriale nel Servizio sanitario nazionale.|22G00085 - GU n. 144 del 22-06-2022|2022-05-23|2026-08-16|T1,T3,T0|-|Articolato e Allegati 1, 2 e 3 letti integralmente (testo fornito dall'autore). ART. 1 C. 1: Allegato 1 ha VALORE DESCRITTIVO, Allegato 2 VALORE PRESCRITTIVO - distinzione decisiva. Allegato 1 Tabella 1: il farmacista e' membro dell'equipe multiprofessionale come referente dell'uso sicuro ed efficace dei farmaci del programma terapeutico (interazioni, dosaggio, formulazione, farmacovigilanza, sostenibilita' economica). Allegato 2: nessun farmacista negli standard di personale di CdC hub, COT, OdC, UCA. TESI DELL'ELABORATO: c'e' il ruolo (descrittivo) senza la dotazione (prescrittivo). Allegato 1 par. 8: la COT coordina e traccia le transizioni fra setting e accede al FSE, ma la terapia non e' mai nominata. Allegato 1 par. 11: l'OdC ha un infermiere dedicato alle transizioni di cura; categoria c) di pazienti eleggibili = necessita assistenza nella somministrazione di farmaci prima del rientro a domicilio. Allegato 1 par. 16: obbligo per le strutture territoriali di liste di controllo coerenti con le raccomandazioni ministeriali (aggancio diretto della Racc. 17); elenco dei flussi FSE, Sistema TS con ricetta dematerializzata e Piani Terapeutici Elettronici, SDO, FAR, SIAD, EMUR, HOSPICE. Allegato 1 par. 2: le farmacie convenzionate sono presidi di prossimita', con richiamo al D.lgs. 153/2009. Alcune tabelle (2, 3, 4 e servizi CdC) sono in formato grafico e NON leggibili nel testo GU.|verificata|na
F024|2|linea_guida|Decreto del Ministro della salute 21 settembre 2022. Approvazione delle Linee guida per i servizi di telemedicina - Requisiti funzionali e livelli di servizio (Allegato A).|22A06184 - GU Serie generale n. 256 del 02-11-2022|2022-09-21|2026-08-17|T1,T3,T0|-|VERIFICATA su testo integrale dell'Allegato A (mirror medicoeleggi.com), 17-08-2026. RILIEVO NEGATIVO PORTANTE: il farmacista e la farmacia NON sono mai nominati. Gli attori clinici citati sono medico, MMG/PLS, medici specialisti, operatori del Centro erogatore, generici 'professionisti sanitari', caregiver. I quattro servizi minimi obbligatori (televisita, teleconsulto/teleconsulenza, telemonitoraggio, teleassistenza) non comprendono alcun servizio di area farmaceutica e la TERAPIA non e' mai oggetto: rilievo simmetrico a quello sulla COT. Le definizioni sono riprese dall'Accordo Stato-Regioni 17-12-2020 (rep. 215/CSR): televisita e teleconsulto sono atti MEDICI; teleconsulenza e' attivita' sanitaria 'non necessariamente medica ma comunque specifica delle professioni sanitarie'; teleassistenza e' 'atto professionale di pertinenza della relativa professione sanitaria'. Sono le due sole porte definitoriamente aperte a professioni non mediche - apertura definitoria, non attribuzione. ALTRO RILIEVO (OF1/OF4): nel telemonitoraggio i dati restano archiviati nell'IRT con accesso riservato ai professionisti che erogano la prestazione e al centro erogatore; all'EDS, tramite Gateway, vanno solo i referti/dati che il professionista 'ritiene opportuno classificare come significativi'. Filtro discrezionale a monte dell'EDS. Scenario B transitorio previsto per l'indisponibilita' temporanea dell'EDS, con persistenza dei dati nel repository regionale. Natura: non e' linea guida evidence-based, nessun grading; sono requisiti tecnici minimi cogenti per le Regioni, adottati ex art. 12 c. 15-undecies del D.L. 179/2012 in attuazione PNRR M6C1 sub-investimento 1.2.3.2. Documento del 2022, anteriore al DM 7-9-2023 e al decreto EDS: da datare esplicitamente in stesura (MA principio 5). DA ACCERTARE: il rinvio dell'art. 1 c. 2 lett. e-sexies) del D.lgs. 153/2009 alle 'linee guida nazionali' punta probabilmente all'Accordo Stato-Regioni 17-12-2020, non a F024; non affermare che F024 sia la fonte richiamata da e-sexies senza riscontro.|verificata|na
F025|2|linea_guida|Decreto 20 maggio 2022. Adozione delle Linee guida per l'attuazione del Fascicolo sanitario elettronico. Con Decreto 18 maggio 2022 sull'integrazione dei dati essenziali del FSE.|GU 11-07-2022|2022-05-20|2026-08-16|T1,T3,T0|-|NON ANCORA APERTA. Nota informativa AgID consultata (www.agid.gov.it/it/agenzia/stampa-e-comunicazione/notizie/2022/07/19/fascicolo-sanitario-elettronico-20-pubblicate-linee-guida-lattuazione): definisce contenuti, servizi, architettura e governance del FSE 2.0. Fonte primaria per OF4: e' il documento che dice quali dati e documenti il FSE conserva. Da reperire in GU e aprire al PASSO 3. ATTENZIONE: la nota AgID e' un aggregatore istituzionale, non fa stato (MB 6.1).|da_verificare|na
F026|2|linea_guida|Linee di indirizzo. Riconciliazione della terapia farmacologica sul territorio durante le transizioni di cura: paziente anziano ricoverato in RSA/struttura sanitaria protetta e paziente oncologico ed oncoematologico dimesso da struttura ospedaliera e viceversa. Ministero della Salute, Regione del Veneto, Regione Emilia-Romagna. Settembre 2018.|salute.gov.it/imgs/C_17_pubblicazioni_2839_allegato.pdf|2018-09|2026-08-16|T1,T4|-|TESTO INTEGRALE LETTO il 16-08-2026 da mirror (quotidianosanita.it/allegati/allegato1717265.pdf), poiche' salute.gov.it respinge con validazione browser Gcore. Data documento SETTEMBRE 2018, pubblicato sul portale ministeriale il 03-04-2019. PAR. 5 dedicato al contributo del farmacista alla ricognizione: farmacista delle Aziende sanitarie E farmacista di comunita', con regole su trasmissione della scheda al prescrittore e conservazione per almeno un anno; rafforza il lato ruolo della tesi, quattro anni prima del DM 77. PAR. 6: definisce il Dossier farmaceutico come parte del FSE alimentata dalla farmacia che dispensa, ma al 2018 era prospettiva futura (una volta entrato a regime): vedi F029 per lo stato 2026. DATO ITALIANO ORIGINALE (non di letteratura riferita): questionario Regione Veneto su 266 RSA, solo il 71% effettua ricognizione e riconciliazione; discrepanze per posologia/durata 38%, omissione 25%, interazioni 11%, duplicazioni 10%, controindicazioni 7%, LASA 4%; 55% delle strutture senza monitoraggio ADR. GLOSSARIO: classificazione a tre vie della discrepanza (intenzionale documentata, intenzionale non documentata, non intenzionale) - base di OF2. ATTENZIONE: la premessa riporta fino al 70% di discrepanze all'ammissione, la Racc. 17 riporta 67%: entrambe letteratura riferita, risalire a Mueller 2012 per il numero. Segnala Mekonnen 2016 BMJ Open (meta-analisi su riconciliazione condotta dal farmacista) da recuperare al PASSO 4.|verificata|na
F027|2|linea_guida|Linee di indirizzo sugli strumenti per concorrere a ridurre gli errori in terapia farmacologica nell'ambito dei servizi assistenziali erogati dalle Farmacie di comunita'. Ministero della Salute. Maggio 2014.|salute.gov.it/portale/documentazione/p6_2_2_1.jsp?id=2189|2014-05|2026-08-16|T1,T3|-|NON ANCORA REPERITA. Segnalata dal par. 5 di F026, che ne riporta il contenuto rilevante: e' auspicato il coinvolgimento del farmacista di comunita' nei percorsi integrati con gli ambiti specialistici in cui si impiegano farmaci altamente innovativi. Documento ministeriale dedicato specificamente alle farmacie di comunita' e agli errori in terapia: potenzialmente centrale per il lato territoriale di OF3. Ostacolo atteso: salute.gov.it con validazione Gcore, servira' un mirror o consegna manuale.|da_reperire|na
F028|2|linea_guida|Raccomandazione per la prevenzione degli errori in terapia con farmaci antineoplastici. Raccomandazione n. 14. Ministero della Salute. Ottobre 2012.|agenas.gov.it/images/agenas/rischio_clinico/raccomandazioni/pdf/Racc.14_FarnaciAntineoplastici.pdf|2012-10|2026-08-16|T1|-|NON ANCORA APERTA. Citata da F026 come riferimento per l'ambito oncologico su informatizzazione dei dati e sicurezza nei passaggi fra setting assistenziali. Link diretto Agenas funzionante e verificato il 16-08-2026 (elenco raccomandazioni, vedi F031). Rilevanza secondaria rispetto alla Racc. 17: utile solo se l'elaborato tratta il setting oncologico. Data documento DA CONFERMARE all'apertura.|da_reperire|na
F029|1|normativa|Decreto del Ministero della salute 31 dicembre 2024, n. 334, di concerto con MEF e Sottosegretario alla Presidenza del Consiglio con delega all'innovazione tecnologica. Istituzione dell'Ecosistema dati sanitari (EDS).|25A01321 - GU Serie Generale n. 53 del 05-03-2025|2024-12-31|2026-08-16|T1,T3,T0|-|TESTO INTEGRALE LETTO il 16-08-2026 (27 articoli, Allegati B e C; lettura effettuata in sessione precedente del progetto). Art. 5: il dossier farmaceutico non e' un documento del FSE ma un SERVIZIO dell'EDS, che ESTRAE prescrizioni farmaceutiche ed erogazioni dai documenti del FSE e dai dati di Sistema TS e ANA. Tre perdite del flusso, sostanza di OF4: (1) solo prescritto ed erogato, mai somministrato ne' assunto, e nulla che non passi da ricetta - OTC, integratori, campioni, terapie estere; (2) art. 3 c. 2 i dati oscurati non alimentano l'EDS e art. 5 c. 3 in nessun caso l'accesso consente di consultare documenti oscurati, quindi il dossier puo' essere parziale senza dichiararlo; (3) art. 8 consenso esplicito e disgiunto per finalita', c. 8 il mancato consenso non pregiudica la prestazione, quindi il flusso e' opzionale. Art. 18 accesso in emergenza previa verifica dell'incapacita'. Art. 13 accesso per finalita' di cura agli esercenti le professioni sanitarie anche fuori SSN previa autodichiarazione ex art. 47 DPR 445/2000: SE LA FARMACIA CHE DISPENSA VI RIENTRI NON E' CHIARITO DAL TESTO, da non risolvere a intuito. Art. 25 servizi attivi entro il 31-03-2026 e non prima della completa attuazione del FSE 2.0. LIMITE DICHIARATO: l'Allegato A, che elenca quali dati e quali servizi, e' in formato grafico e non leggibile nel testo GU; il dettaglio granulare del dossier resta non verificato. VERSIONE: modificato dal DM 8 luglio 2025 (F033), letto il 16-08-2026, che tocca solo art. 4 c. 2 e Allegato C su Broker e unita' di archiviazione: nessuno degli articoli sopra e' interessato dalla modifica.|verificata|na
F030|2|dato_istituzionale|FAQ sul Fascicolo sanitario elettronico. Garante per la protezione dei dati personali. Aggiornamento maggio 2026.|https://www.garanteprivacy.it/faq/fascicolo-sanitario|2026-05|2026-08-16|T3,T1|-|TESTO INTEGRALE LETTO il 16-08-2026: 19 FAQ. FAQ 17: il dossier farmaceutico e' una parte specifica del FSE aggiornata a cura della farmacia che effettua la dispensazione; sara' uno dei servizi offerti dall'EDS, che ne estrarra' prescrizioni ed erogazioni salvo i dati oscurati. E' l'Autorita' che riconosce alla farmacia il ruolo di alimentazione: regge il rilievo ruolo-senza-dotazione insieme a F029 e F032. FAQ 18: nel parere del 26-09-2024 (doc. web 10062302, vedi F037) il Garante ha richiesto che l'alimentazione e l'elaborazione dei dati per tutti i servizi dell'EDS avvengano solo previa completa attuazione della disciplina sul FSE 2.0 - conferma lo scarto fra flusso previsto e flusso disponibile, snodo di OF4. FAQ 14: i dati a maggior tutela (persone sieropositive, uso di stupefacenti, psicotropi e alcool, IVG, vittime di violenza sessuale, parto in anonimato, consultori) NASCONO oscurati: sono categorie ad alto rischio di interazione, rafforza OF2. FAQ 11: l'oscuramento avviene con modalita' tali da impedire agli altri abilitati di sapere che esistono dati oscurati (oscuramento dell'oscuramento). FAQ 7-8: il profilo sanitario sintetico e' redatto e aggiornato dal MMG/PLS. FAQ 10: elenco dei soggetti esclusi dall'accesso.|verificata|na
F031|2|dato_istituzionale|Elenco delle raccomandazioni ministeriali per la sicurezza dei pazienti. Agenas, Osservatorio nazionale delle buone pratiche sulla sicurezza nella sanita'. Pagina aggiornata al 17 dicembre 2020.|agenas.gov.it/aree-tematiche/qualita-e-sicurezza/rischio-clinico-e-sicurezza-del-paziente/monitoraggio-delle-raccomandazioni/elenco-raccomandazioni|2020-12-17|2026-08-16|T1,T0|-|PAGINA LETTA INTEGRALMENTE il 16-08-2026. Serve a UN SOLO SCOPO ma decisivo: documenta che nell'elenco ufficiale non risulta alcuna revisione della Raccomandazione n. 17, che compare nella versione del dicembre 2014, e che la serie si ferma alla n. 18 (dicembre 2018). La pagina dichiara raccomandazioni elaborate dal 2005 e aggiornate fino al 2017. FORMULA DA USARE NEL TESTO: nell'elenco ufficiale non risulta pubblicata alcuna revisione: si afferma l'assenza dall'elenco, che e' cio' che e' stato controllato, non un mai aggiornata in assoluto. Contiene i link diretti ai PDF di tutte le raccomandazioni 1-18.|verificata|na
F032|1|normativa|Decreto legislativo 3 ottobre 2009, n. 153. Individuazione di nuovi servizi erogati dalle farmacie nell'ambito del Servizio sanitario nazionale, nonche' disposizioni in materia di indennita' di residenza per i titolari di farmacie rurali.|09G0162|2009-10-03|2026-08-16|T1,T3,T0|-|TESTO VIGENTE AL 16-08-2026, letto integralmente (consolidato Normattiva fornito dall'autore). La RICONCILIAZIONE NON e' mai nominata: stessa cautela di F022, non scrivere che il decreto la impone. ART. 1 c. 2 lett. b): collaborazione delle farmacie al corretto utilizzo dei medicinali prescritti, al monitoraggio e all'aderenza. ART. 1 c. 2 lett. e-bis) - SNODO PER OF3 LATO TERRITORIALE: accesso personalizzato ai farmaci in attuazione del Piano nazionale cronicita'; la farmacia informa periodicamente il MMG/PLS o il medico prescrittore sulla regolarita' dell'assunzione dei farmaci e sulla necessita' di rinnovo delle prescrizioni per garantire l'aderenza. E' un flusso informativo farmacia-prescrittore prescritto per legge. La stessa lettera richiama il DOSSIER FARMACEUTICO ex art. 12 c. 2-bis del D.L. 179/2012: quella e' la base LEGISLATIVA del dossier, mentre F029 (DM EDS 31-12-2024) e' attuativo. Art. 12 c. 2-bis del D.L. 179/2012 DA REPERIRE. ART. 1 c. 2 lett. e-sexies): il farmacista effettua servizi di telemedicina nel rispetto dei requisiti funzionali delle linee guida nazionali - aggancio diretto di F024 al farmacista. AGGIORNAMENTO (5), L. 182/2025 art. 60 c. 2: le prestazioni da e-quater) a e-septies) sono A CARICO DEGLI UTENTI. RILIEVO PER LA TESI: stesso schema del DM 77 (F023) con strumento diverso - funzioni attribuite senza dotazione ne' copertura SSN. Il pattern e' ora documentato su due fonti di livello 1 indipendenti. Art. 1 c. 2 lett. f) e art. 2: richiami al Codice privacy e parere del Garante (rilevanza T3).|verificata|na
F033|1|normativa|Decreto del Ministero della salute 8 luglio 2025. Modifica del decreto 31 dicembre 2024 recante «Istituzione dell'Ecosistema dati sanitari».|25A04732 - GU Serie Generale n. 194 del 22-08-2025|2025-07-08|2026-08-16|T1,T3,T0|-|TESTO INTEGRALE LETTO il 16-08-2026 (consegna manuale del PDF dell'atto). Estremi confermati sulla scheda ELI, non piu' da riferimento indiretto. Due soli articoli. Art. 1: integra l'art. 4 c. 2 del DM EDS con le caratteristiche tecniche della componente Broker. Art. 2: sostituisce parti dell'Allegato C - ventidue unita' di archiviazione (ventuno regionali piu' UA-SASN), Broker EDS, servizi di interrogazione delle anagrafiche, servizio di trasferimento dati al cambio di regione di assistenza, flusso dati in chiaro. ESITO PER L'ELABORATO: nessun impatto. Non tocca gli articoli portanti di F029 (artt. 3, 5, 8, 13, 18, 25) ne' il dossier farmaceutico. Il rischio di usare F029 in versione superata era corretto da segnalare ed e' risultato negativo alla verifica. Pareri acquisiti: Garante n. 164 del 27-03-2025, ACN n. 136229 dell'11-04-2025.|verificata|na
F034|1|normativa|Decreto del Ministro della salute e del Sottosegretario di Stato alla Presidenza del Consiglio dei ministri con delega all'innovazione tecnologica, di concerto con il Ministro dell'economia e delle finanze, 7 settembre 2023. Fascicolo sanitario elettronico 2.0.|23A05829 - GU Serie Generale n. 249 del 24-10-2023|2023-09-07|2026-08-16|T1,T3,T0|-|TESTO INTEGRALE LETTO il 16-08-2026 (consegna manuale del PDF dell'atto): 29 articoli piu' Allegati A, B e C. LETTO NEL TESTO ORIGINARIO, NON NEL CONSOLIDATO (MC 2.1): il decreto e' modificato dal DM 11 novembre 2025 (F036), non ancora aperto; nulla si puo' affermare sullo stato vigente degli articoli da esso toccati, che restano da individuare. RILIEVO CENTRALE, corregge in meglio la tesi dell'elaborato: il farmacista NON e' assente dal quadro FSE. Art. 15 c. 3 lett. d) lo nomina fra chi accede in consultazione per finalita' di cura, e l'Allegato A par. 4.1.1 ne fissa la matrice: SI a dati identificativi e amministrativi, prescrizione farmaceutica, erogazione farmaci a carico SSN e non SSN; NO a profilo sanitario sintetico, lettera di dimissione, referti, cartella clinica, verbale di pronto soccorso. Il profilo gli da' il dispensato e gli nega i due documenti in cui vive la transizione di cura. Art. 3 c. 1: contenuti del FSE, elenco chiuso di tredici voci. Art. 4: il profilo sanitario sintetico e' redatto e aggiornato dal MMG-PLS; c. 6 in caso di variazione del medico il nuovo MMG ne redige uno nuovo. Art. 6: i dati a maggior tutela nascono oscurati. Art. 9 c. 6: oscuramento dell'oscuramento; c. 7 l'oscuramento di una prescrizione oscura automaticamente erogazioni e referti collegati; c. 3 l'assistito e' informato che il dato oscurato dopo l'alimentazione puo' essere gia' confluito nel profilo sanitario sintetico. Art. 12: soggetti che alimentano il FSE - ASL, strutture accreditate, strutture autorizzate, esercenti le professioni sanitarie quando operano in autonomia; c. 3 alimentazione entro cinque giorni dall'erogazione. Art. 20: accesso in emergenza, prioritariamente al profilo sanitario sintetico. Art. 27 c. 5: cessa il DPCM 178/2015 salvo Capi III e IV. LIMITI: l'Allegato A par. 4.1.2 (matrice prevenzione) e i par. 5.1-5.5 (servizi) sono in formato grafico e non leggibili nel testo GU.|verificata|na
F035|1|normativa|Decreto del Ministero della salute 27 giugno 2025. Indicazioni attuative per la definizione dei contenuti informativi del Profilo sanitario sintetico previsto dall'articolo 4 del decreto 7 settembre 2023, recante il «Fascicolo sanitario elettronico 2.0».|25A04814 - GU Serie Generale n. 202 del 01-09-2025|2025-06-27|2026-08-16|T1,T3|-|LETTA INTEGRALMENTE 16-08-2026 (2 articoli + Allegato 1). Definisce campo per campo il contenuto del par. 2.7 all. A di F034. RILIEVO CENTRALE PER T1: il campo «Terapie farmacologiche croniche» e' OBBLIGATORIO ma LIMITATAMENTE ALLE TERAPIE PRESCRITTE DA MMG/PLS; il campo «Terapie farmacologiche» (tutte le terapie in atto al momento della compilazione) e' compilabile SOLO a seguito della disponibilita' di appositi servizi dell'EDS, quindi oggi non compilabile. Vaccinazioni e gravidanze: solo dopo EDS. Piani di cura, trattamenti, visite/ricoveri, ADI, ADP, reti di patologia: solo dopo AGGIORNAMENTO del DM 7 settembre 2023 E disponibilita' EDS. Fattori di rischio (fumo, dipendenza da stupefacenti o alcool): FACOLTATIVO. Obbligatori: reazioni avverse a farmaci/alimenti, allergie, patologie in atto (limitatamente alle croniche), organi mancanti, trapianti, malformazioni. Parere favorevole Garante prov. n. 316 del 04-06-2025. Termine di redazione del PS per tutte le regioni: 30-09-2025 (art. 27-bis e all. D di F034). Rinvia al par. 5.2 all. A di F029 (servizio EDS di supporto alla compilazione). Letta su ristampa integrale della pagina GU n. 202 (sanitainformazione.it); tabella dell'Allegato 1 in font con codifica non standard, decodificata per shift +29 e verificata su piu' righe.|verificata|na
F036|1|normativa|Decreto del Ministero della salute 11 novembre 2025. Modifiche al decreto 7 settembre 2023 concernente il Fascicolo sanitario elettronico 2.0.|25A06570 - GU Serie Generale n. 286 del 10-12-2025|2025-11-11|2026-08-16|T1,T3,T0|-|LETTA INTEGRALMENTE 16-08-2026 (4 articoli). ESITO NEGATIVO SUL PUNTO CRITICO: NON tocca l'art. 15 ne' l'Allegato A par. 4.1.1 di F034, quindi la matrice di accesso del farmacista non e' modificata da questo decreto. Modifica soltanto: (a) art. 22, aggiungendo il punto di accesso telematico ex art. 64-bis CAD come canale delle notifiche sulle operazioni FSE (nuovo c. 1-bis); (b) art. 27-bis c. 2, ridefinendo i termini delle tre fasi attuative: I fase 30-06-2025, II fase 31-12-2025, III fase 31-03-2026; (c) sostituisce l'allegato D del DM 30 dicembre 2024 (in formato grafico, non leggibile nel testo GU). Non tocca nemmeno gli artt. 3, 4, 5, 6, 9, 12 di F034. Parere favorevole Garante prov. n. 360 del 23-06-2025. Registrato Corte dei conti 28-11-2025. ATTENZIONE: F034 e' modificata anche dal DM 30 dicembre 2024 (F038), non ancora aperto: la copertura dello stato vigente di F034 non e' completa con la sola lettura di questa. Letta su ristampa integrale «Atto completo» GU (mirror mefop.it), paginazione GU visibile 1/5-5/5.|verificata|na
F037|2|dato_istituzionale|Parere sullo schema di decreto recante Ecosistema dati sanitari. Garante per la protezione dei dati personali, provvedimento del 26 settembre 2024, doc. web n. 10062302.|garanteprivacy.it - doc. web 10062302|2024-09-26|2026-08-17|T3,T1,T0|-|VERIFICATA su testo integrale (garanteprivacy.it, doc. web 10062302), 17-08-2026. Parere FAVOREVOLE CONDIZIONATO sullo schema del decreto EDS. Par. 2.3 (dossier farmaceutico): il Garante ha chiesto il riferimento alle sole prescrizioni ed erogazioni di farmaci e NON alla somministrazione, "in quanto nel FSE 2.0 non sono registrate le informazioni relative all'avvenuta somministrazione di un medicinale" - affermazione esplicita dell'autorita' di controllo, ancoraggio istituzionale di 'erogato non e' assunto' (OF1). Sempre par. 2.3: il DF non e' una banca dati ma un servizio di estrazione su richiesta; in nessun caso l'accesso al DF consente a soggetti diversi dall'assistito la consultazione dei documenti oscurati ex art. 9 del DM 7/9/2023 (rilievo per OF2). Par. 2: i dati oggetto di oscuramento non alimentano l'EDS (art. 3 c. 2 dello schema). Condizione del parere: alimentazione ed elaborazione dei dati FSE per i servizi EDS solo previa completa attuazione del DM 7/9/2023 nelle tre fasi. Par. 2.12: PSS e livelli diversificati di accesso in consultazione per finalita' di cura completati solo nella II fase (30-09-2025); oscuramento idem; registrazione operazioni I fase (31-03-2025). Istruttoria del febbraio 2024, segnalazione a Parlamento e Governo del 13-06-2024: molte disposizioni del DM 7/9/2023 "risultavano essere disattese in molte regioni e province autonome". INCOERENZA INTERNA (MB 6.2): il par. 2.12 colloca il termine della III fase prima al 31-03-2026 e poi al 31-12-2026. Le fasi sono state comunque ridefinite da F036 (30-06-2025 / 31-12-2025 / 31-03-2026): non citare il calendario da F037.|verificata|na
F038|1|normativa|Decreto del Ministro della salute e del Sottosegretario di Stato alla Presidenza del Consiglio dei ministri con delega all'innovazione tecnologica, di concerto con il Ministro dell'economia e delle finanze, 30 dicembre 2024. Modifiche al decreto 7 settembre 2023, in materia di Fascicolo sanitario elettronico 2.0.|estremi GU da reperire|2024-12-30|2026-08-16|T1,T3,T0|-|NON ANCORA REPERITA. Individuata il 16-08-2026 nelle premesse di F036, che ne riferisce il contenuto: ha inserito l'art. 27-bis in F034, prevedendo una disciplina transitoria di attuazione divisa in tre fasi, e ha introdotto l'allegato D poi sostituito da F036. E' il SECONDO atto modificativo di F034 e va aperto per completare la copertura dello stato vigente: F036 e' stata verificata e non tocca l'art. 15 ne' l'allegato A par. 4.1.1, ma finche' questa non e' letta non si puo' affermare che la matrice di accesso del farmacista sia oggi quella del testo originario. Priorita' alta ma successiva a F024/F025: l'oggetto dichiarato e' la disciplina transitoria, non i profili di accesso.|da_reperire|na
